Name;ID;Country;Rank 3 Year;Rank 2 Year;Rank 1 Year;Rank 0 Year;Ideal Rank;Max Skill;Traits;Skill;Experience;Loyalty;Type;Picture;Start Year;End Year;Retirement Year;x
Bai Chongxi;5025001;CYN;1937;1937;1937;1990;1;8;20;4;0;3;0;L50247;1937;1966;1999;x
Zhang Zhen;5025002;CYN;1938;1942;1990;1990;2;3;0;0;0;3;0;L50001;1938;1981;1999;x
Zhang Zhen;5025003;CYN;1931;1942;1990;1990;2;3;0;1;0;3;0;L50002;1931;1981;1999;x
Zhang Chi;5025004;CYN;1930;1990;1990;1990;3;4;0;0;0;3;0;L50003;1930;1970;1999;x
Zhang Zhizhong;5025005;CYN;1923;1927;1928;1990;1;4;0;1;0;3;0;L50004;1923;1969;1999;x
Chang Enduo;5025006;CYN;1930;1990;1990;1990;3;3;0;0;0;2;0;L50005;1930;1970;1999;x
Zhang Fakui;5025007;CYN;1914;1923;1930;1990;1;4;2;1;0;3;0;L50006;1914;1970;1999;x
Zhang Fang;5025008;CYN;1917;1930;1937;1990;1;3;0;0;0;3;0;L50007;1917;1966;1999;x
Zhang Xuxing;5025009;CYN;1930;1990;1990;1990;3;3;0;0;0;4;0;L50008;1930;1939;1999;x
Zhang Xuzi;5025010;CYN;1944;1990;1990;1990;3;4;256;0;0;4;0;L50009;1944;1970;1999;x
Zhang Xuezhong;5025011;CYN;1936;1999;1999;1999;3;3;0;0;0;3;0;L50010;1936;1995;1999;x
Zhang Xueliang;5025012;CYN;1932;1938;1940;1941;1;5;4;3;0;3;0;L50011;1930;2001;2002;x
Zhang Gan;5025013;CYN;1937;1938;1990;1990;2;3;0;0;0;4;0;L50012;1937;1957;1999;x
Zhang Kexia;5025014;CYN;1937;1949;1990;1990;3;3;0;0;0;4;0;L50013;1937;1984;1999;x
Zhang Lingfu;5025015;CYN;1937;1940;1990;1990;2;4;4;1;0;4;0;L50014;1937;1947;1999;x
Zhang Shixi;5025016;CYN;1930;1990;1990;1990;3;3;0;0;0;4;0;L50015;1930;1956;1999;x
Zhang Zizhong;5025017;CYN;1932;1933;1990;1990;2;4;4;1;0;3;0;L50016;1938;1969;1999;x
Zhang Dulun;5025018;CYN;1917;1940;1990;1990;2;3;1;0;0;4;0;L50017;1917;1958;1999;x
Zhang Yan;5025019;CYN;1941;1990;1990;1990;3;3;4;0;0;4;0;L50018;1941;1970;1999;x
Zhang Yaoming;5025020;CYN;1937;1939;1990;1990;2;3;0;0;0;4;0;L50019;1937;1972;1999;x
Zhang Yinwu;5025021;CYN;1937;1990;1990;1990;3;3;0;0;0;4;0;L50020;1937;1948;1999;x
Zhao Chengshou;5025022;CYN;1937;1937;1990;1990;2;4;0;0;0;4;0;L50021;1937;1966;1999;x
Zhao Jiaxiang;5025023;CYN;1937;1945;1990;1990;2;3;0;0;0;4;0;L50022;1937;1958;1999;x
Zhao Xizhang;5025024;CYN;1936;1990;1990;1990;3;3;0;0;0;4;0;L50023;1936;1938;1999;x
Zhao Hong Wenguo;5025025;CYN;1930;1930;1990;1990;2;3;16;1;0;4;0;L50024;1930;1949;1999;x
Zhao Guoping;5025026;CYN;1930;1990;1990;1990;3;3;0;0;0;4;0;L50025;1930;1942;1999;x
Zhao Shoushan;5025027;CYN;1937;1940;1990;1990;2;4;0;1;0;2;0;L50026;1937;1965;1999;x
Zhao Dengyu;5025028;CYN;1935;1990;1990;1990;3;4;4;0;0;4;0;L50027;1935;1938;1999;x
Chen Anbao;5025029;CYN;1930;1939;1990;1990;3;4;0;1;0;4;0;L50028;1930;1970;1999;x
Chen Changjie;5025030;CYN;1937;1937;1990;1990;2;3;0;1;0;4;0;L50029;1937;1968;1999;x
Chen Cheng;5025031;CYN;1924;1928;1930;1990;1;5;544;1;0;4;0;L50030;1924;1965;1999;x
Chen Jitang;5025032;CYN;1920;1928;1930;1938;0;3;513;1;0;1;0;L50031;1920;1954;1999;x
Chen Jihuan;5025033;CYN;1930;1939;1990;1990;3;4;0;1;0;4;0;L50032;1930;1944;1999;x
Chen Gongxia;5025034;CYN;1939;1990;1990;1990;3;3;0;0;0;4;0;L50033;1939;1949;1999;x
Chen Mingren;5025035;CYN;1933;1942;1955;1990;2;4;2;1;0;4;0;L50034;1933;1973;1999;x
Chen Daqing;5025036;CYN;1937;1943;1960;1967;0;5;0;2;0;4;0;L50035;1937;1973;1999;x
Chen Tie;5025037;CYN;1924;1938;1990;1990;3;3;0;0;0;4;0;L50036;1924;1949;1999;x
Chen Wanren;5025038;CYN;1937;1938;1990;1990;2;4;0;1;0;4;0;L50037;1937;1970;1999;x
Chen Wenqi;5025039;CYN;1930;1990;1990;1990;3;3;0;0;0;4;0;L50038;1930;1941;1999;x
Zheng Tingzhen;5025040;CYN;1930;1990;1990;1990;3;3;0;0;0;4;0;L50039;1930;1938;1999;x
Zheng Tingji;5025041;CYN;1930;1939;1990;1990;3;4;16;1;0;4;0;L50040;1930;1970;1999;x
Cheng Qian;5025042;CYN;1917;1925;1938;1990;1;5;576;1;0;3;0;L50041;1917;1968;1999;x
Zheng Zuomin;5025043;CYN;1937;1990;1990;1990;3;3;0;0;0;4;0;L50042;1937;1940;1999;x
Zheng Dongguo;5025044;CYN;1934;1938;1990;1990;2;3;2;0;0;4;0;L50043;1938;1991;1999;x
Ji Zhangjian;5025045;CYN;1939;1999;1999;1999;3;4;256;0;0;4;0;L50044;1939;1992;1999;x
Ji Xingwen;5025046;CYN;1940;1990;1990;1990;3;4;2;0;0;4;0;L50045;1940;1958;1999;x
Qi Xueqi;5025047;CYN;1938;1990;1990;1990;3;3;0;0;0;4;0;L50046;1938;1970;1999;x
Jiang Zhiying;5025048;CYN;1930;1990;1990;1990;3;3;0;0;0;4;0;L50047;1930;1941;1999;x
Chiang Kai-Shek;5025049;CYN;1914;1914;1914;1914;0;8;0;3;0;4;0;L50048;1914;1975;1999;x
Jiang Guangnai;5025050;CYN;1937;1937;1990;1990;2;4;2;1;0;2;0;L50049;1937;1967;1999;x
Jiang Dingwen;5025051;CYN;1921;1938;1940;1990;2;4;0;1;0;4;0;L50050;1921;1974;1999;x
Jiang Yuzhen;5025052;CYN;1926;1990;1990;1990;3;3;0;0;0;4;0;L50051;1926;1938;1999;x
Jie Fang;5025053;CYN;1940;1943;1990;1990;3;4;1;1;0;1;0;L50052;1940;1970;1999;x
Chih Fengcheng;5025054;CYN;1930;1939;1990;1990;3;3;0;0;0;4;0;L50053;1930;1955;1999;x
Qin Yizhi;5025055;CYN;1938;1947;1999;1999;2;3;0;0;0;4;0;L50054;1938;1995;1999;x
Zhou Jiabin;5025056;CYN;1937;1990;1990;1990;3;3;0;0;0;4;0;L50055;1937;1976;1999;x
Zhou Zhidao;5025057;CYN;1942;1946;1990;1990;2;3;0;0;0;4;0;L50056;1942;1984;1999;x
Zhou Qingxiang;5025058;CYN;1930;1990;1990;1990;3;3;0;0;0;4;0;L50057;1930;1939;1999;x
Zhou Fu;5025059;CYN;1930;1939;1990;1990;3;4;0;1;0;4;0;L50058;1930;1943;1999;x
Zhou Fucheng;5025060;CYN;1937;1939;1990;1990;2;3;0;0;0;4;0;L50059;1937;1953;1999;x
Zhou Lan;5025061;CYN;1924;1926;1990;1990;2;3;16;1;0;4;0;L50060;1924;1953;1999;x
Zhou Yan;5025062;CYN;1930;1990;1990;1990;3;3;0;0;0;3;0;L50061;1930;1953;1999;x
Zhu Zhiyi;5025063;CYN;1941;1944;1990;1990;2;4;0;1;0;4;0;L50062;1941;1970;1999;x
Zhu Chi;5025064;CYN;1936;1990;1990;1990;3;3;0;0;0;4;0;L50063;1936;1938;1999;x
Zhu Huaibing;5025065;CYN;1925;1939;1990;1990;2;3;0;0;0;4;0;L50064;1925;1968;1999;x
Zhu Shaozhou;5025066;CYN;1927;1938;1990;1990;2;3;0;1;0;4;0;L50065;1927;1976;1999;x
Zhu Shaoliang;5025067;CYN;1926;1929;1938;1939;0;5;0;2;0;4;0;L50066;1926;1963;1999;x
Zhu Dingqing;5025068;CYN;1935;1943;1990;1990;2;3;0;0;0;3;0;L50067;1935;1982;1999;x
Zhu Qi;5025069;CYN;1939;1990;1990;1990;3;3;0;0;0;4;0;L50068;1939;1970;1999;x
Qiu Qingquan;5025070;CYN;1924;1939;1990;1990;3;5;4;1;0;4;0;L50069;1924;1970;1999;x
Qiu Kaiji;5025071;CYN;1938;1990;1990;1990;3;3;0;0;0;4;0;L50070;1938;1970;1999;x
Zhong Song;5025072;CYN;1937;1945;1999;1999;2;3;0;0;0;4;0;L50071;1937;1995;1999;x
Zhong Yi;5025073;CYN;1931;1990;1990;1990;3;3;0;0;0;4;0;L50072;1931;1940;1999;x
Daljaya;5025074;CYN;1938;1940;1990;1990;2;4;16;1;0;4;0;L50073;1938;1970;1999;x
Fan Hanjie;5025075;CYN;1924;1928;1990;1990;2;3;0;0;0;4;0;L50074;1924;1976;1999;x
Fang Jing;5025076;CYN;1942;1999;1999;1999;3;4;2;0;0;4;0;L50075;1942;1990;1999;x
Fang Xianjue;5025077;CYN;1940;1945;1990;1990;3;4;2;1;0;4;0;L50076;1940;1983;1999;x
Fang Shuhong;5025078;CYN;1930;1990;1990;1990;3;3;0;0;0;4;0;L50077;1930;1939;1999;x
Fang Tian;5025079;CYN;1938;1999;1999;1999;3;3;0;0;0;4;0;L50078;1938;1991;1999;x
Feng Anbang;5025080;CYN;1935;1935;1990;1990;2;4;4;0;0;3;0;L50079;1932;1938;1999;x
Feng Zhian;5025081;CYN;1935;1942;1990;1990;2;4;0;1;0;3;0;L50080;1935;1954;1999;x
Feng Shengfa;5025082;CYN;1935;1937;1990;1990;2;4;0;1;0;3;0;L50081;1935;1957;1999;x
Feng Qinzai;5025083;CYN;1928;1930;1990;1990;2;3;0;0;0;3;0;L50082;1928;1963;1999;x
Feng Yuxiang;5025084;CYN;1935;1935;1935;1937;0;3;1;1;0;2;0;L50083;1935;1948;1999;x
Fu Bingxun;5025085;CYN;1938;1990;1990;1990;3;3;0;0;0;4;0;L50084;1938;1952;1999;x
Fu Zuoyi;5025086;CYN;1937;1937;1942;1990;1;5;128;2;0;3;0;L50085;1937;1970;1999;x
Han Jun;5025087;CYN;1926;1990;1990;1990;3;3;0;0;0;4;0;L50086;1926;1975;1999;x
Han Fuqu;5025088;CYN;1930;1930;1990;1990;2;5;520;1;0;1;0;L50087;1930;1938;1999;x
Han Liancheng;5025089;CYN;1941;1945;1990;1990;3;4;0;1;0;1;0;L50088;1941;1984;1999;x
Hao Menglin;5025090;CYN;1930;1930;1990;1990;2;3;0;0;0;4;0;L50089;1930;1938;1999;x
He Jifeng;5025091;CYN;1930;1990;1990;1990;3;3;0;0;0;4;0;L50090;1930;1949;1999;x
He Zhuguo;5025092;CYN;1932;1938;1990;1990;2;4;0;1;0;4;0;L50091;1932;1985;1999;x
He Guoguang;5025093;CYN;1929;1929;1990;1990;2;3;1;0;0;4;0;L50092;1929;1969;1999;x
He Shaozhou;5025094;CYN;1937;1990;1990;1990;3;3;0;0;0;3;0;L50093;1937;1942;1999;x
He Weizhen;5025095;CYN;1939;1944;1990;1990;3;4;0;1;0;4;0;L50094;1939;1979;1999;x
He Wending;5025096;CYN;1932;1990;1990;1990;3;3;0;0;0;4;0;L50095;1932;1968;1999;x
He Yaozu;5025097;CYN;1926;1938;1990;1990;2;4;0;1;0;4;0;L50096;1926;1961;1999;x
He Yingqin;5025098;CYN;1921;1938;1939;1942;1;5;1;3;0;4;0;L50097;1921;1987;1999;x
Hou Jingru;5025099;CYN;1925;1990;1990;1990;3;3;0;0;0;4;0;L50098;1925;1952;1999;x
Xia Chuzhong;5025100;CYN;1935;1938;1990;1990;2;4;0;1;0;4;0;L50099;1935;1988;1999;x
Xia Guozhang;5025101;CYN;1936;1990;1990;1990;3;3;64;0;0;4;0;L50100;1936;1938;1999;x
Xia Wei;5025102;CYN;1939;1942;1990;1990;2;4;0;1;0;4;0;L50101;1939;1970;1999;x
Xiang Fengwu;5025103;CYN;1939;1942;1990;1990;2;4;24;1;0;4;0;L50102;1939;1958;1999;x
Xiao Jimian;5025104;CYN;1938;1990;1990;1990;3;3;0;0;0;4;0;L50103;1938;1970;1999;x
Xiao Zhichu;5025105;CYN;1941;1943;1990;1990;3;4;1;1;0;4;0;L50104;1941;1970;1999;x
Xiao Yisu;5025106;CYN;1936;1945;1990;1990;2;4;4;1;0;4;0;L50105;1936;1975;1999;x
Xu Jizhang;5025107;CYN;1937;1990;1990;1990;3;3;0;0;0;4;0;L50106;1937;1938;1999;x
Xu Jingtang;5025108;CYN;1937;1937;1990;1990;2;3;0;0;0;4;0;L50107;1937;1967;1999;x
Xu Rucheng;5025109;CYN;1930;1990;1990;1990;3;3;0;0;0;4;0;L50108;1930;1945;1999;x
Xu Guozhang;5025110;CYN;1938;1990;1990;1990;3;3;128;0;0;4;0;L50109;1938;1943;1999;x
Xu Tingyao;5025111;CYN;1936;1941;1990;1990;2;4;32;1;0;4;0;L50110;1936;1975;1999;x
Xu Zuyi;5025112;CYN;1937;1941;1990;1990;2;4;1;1;0;4;0;L50111;1937;1976;1999;x
Xu Yuanquan;5025113;CYN;1932;1932;1932;1990;1;5;768;1;0;4;0;L50112;1932;1960;1999;x
Xu Yongchang;5025114;CYN;1937;1937;1941;1990;1;4;1;1;0;4;0;L50113;1937;1970;1999;x
Xuan Tiewu;5025115;CYN;1936;1940;1990;1990;2;3;0;0;0;4;0;L50114;1936;1964;1999;x
Xue Yue;5025116;CYN;1922;1927;1933;1999;1;5;2;1;0;4;0;L50115;1922;1998;1999;x
Hu Changqing;5025117;CYN;1937;1990;1990;1990;3;3;0;0;0;4;0;L50116;1937;1950;1999;x
Hu Xianmei;5025118;CYN;1932;1990;1990;1990;3;3;0;0;0;4;0;L50117;1932;1938;1999;x
Hu Yibin;5025119;CYN;1930;1990;1990;1990;3;3;0;0;0;4;0;L50118;1930;1942;1999;x
Hu Ruoyu;5025120;CYN;1917;1927;1990;1990;2;3;0;0;0;4;0;L50119;1917;1949;1999;x
Hu Lian;5025121;CYN;1942;1944;1948;1990;1;4;5;0;0;4;0;L50120;1942;1977;1999;x
Hu Su;5025122;CYN;1930;1990;1990;1990;3;3;0;0;0;4;0;L50121;1930;1978;1999;x
Hu Zongnan;5025123;CYN;1926;1935;1990;1990;2;3;0;0;0;4;0;L50122;1926;1962;1999;x
Hu Ying;5025124;CYN;1930;1990;1990;1990;3;3;0;0;0;4;0;L50123;1930;1943;1999;x
Huang Zhenwu;5025125;CYN;1938;1990;1990;1990;3;3;0;0;0;4;0;L50124;1938;1969;1999;x
Huang Jie;5025126;CYN;1935;1937;1944;1954;0;5;1;2;0;4;0;L50125;1935;1995;1999;x
Huang Qixiang;5025127;CYN;1937;1937;1939;1990;1;5;0;2;0;4;0;L50126;1937;1970;1999;x
Huang Xiansheng;5025128;CYN;1928;1935;1990;1990;2;3;2;0;0;2;0;L50127;1928;1938;1999;x
Huang Guoliang;5025129;CYN;1937;1938;1990;1990;2;4;0;1;0;4;0;L50128;1937;1978;1999;x
Huang Meixing;5025130;CYN;1935;1990;1990;1990;3;4;4;0;0;4;0;L50129;1935;1938;1999;x
Huang Bamei;5025131;CYN;1940;1990;1990;1990;3;4;16;0;0;4;0;L50130;1940;1970;1999;x
Huang Botao;5025132;CYN;1928;1943;1990;1990;2;4;6;0;0;4;0;L50131;1928;1948;1999;x
Huang Shaoxiong ;5025133;CYN;1937;1937;1938;1990;1;5;1;2;0;4;0;L50132;1937;1966;1999;x
Huang Tao;5025134;CYN;1937;1944;1990;1990;3;3;32;0;0;4;0;L50133;1937;1973;1999;x
Huang Qiaosong;5025135;CYN;1930;1990;1990;1990;3;3;0;0;0;4;0;L50134;1930;1948;1999;x
Huang Wei;5025136;CYN;1934;1938;1990;1990;2;4;2;0;0;4;0;L50135;1934;1989;1999;x
Huang Yongan;5025137;CYN;1938;1940;1990;1990;2;4;4;1;0;4;0;L50136;1938;1979;1999;x
Huo Kuizhang;5025138;CYN;1924;1937;1990;1990;2;3;0;0;0;4;0;L50137;1924;1953;1999;x
Rao Guohua;5025139;CYN;1930;1990;1990;1990;3;3;0;0;0;4;0;L50138;1930;1938;1999;x
Ji Chong Chon;5025140;CYN;1938;1941;1990;1990;2;4;16;1;0;4;0;L50139;1938;1970;1999;x
Rong Xiang;5025141;CYN;1930;1930;1990;1990;2;3;0;1;0;4;0;L50140;1930;1941;1999;x
Rong Youlüe;5025142;CYN;1938;1990;1990;1990;3;3;0;0;0;3;0;L50141;1938;1970;1999;x
Gan Lichu;5025143;CYN;1927;1935;1990;1990;2;3;0;0;0;4;0;L50142;1927;1950;1999;x
Kan Weiyong;5025144;CYN;1937;1942;1990;1990;3;4;0;1;0;4;0;L50143;1937;1944;1999;x
Gao Zhisong;5025145;CYN;1924;1990;1990;1990;3;3;0;0;0;4;0;L50144;1924;1938;1999;x
Gao Guizi;5025146;CYN;1938;1940;1990;1990;2;4;0;1;0;4;0;L50145;1938;1959;1999;x
Gao Kuiyuan;5025147;CYN;1937;1944;1949;1957;0;6;0;1;0;4;0;L50146;1937;2010;2011;x
Gao Shuxun;5025148;CYN;1935;1939;1990;1990;2;4;64;1;0;4;0;L50147;1935;1972;1999;x
Gao Shuangcheng;5025149;CYN;1938;1940;1990;1990;2;4;8;1;0;4;0;L50148;1938;1945;1999;x
Ge Xiancai;5025150;CYN;1938;1990;1990;1990;3;3;0;0;0;4;0;L50149;1938;1944;1999;x
Kim Hak-Keu;5025151;CYN;1940;1990;1990;1990;3;4;16;0;0;4;0;L50150;1940;1946;1999;x
Gu Zhenglun;5025152;CYN;1930;1930;1990;1990;2;3;0;0;0;4;0;L50151;1930;1941;1999;x
Gu Zhutong;5025153;CYN;1930;1930;1930;1990;1;3;0;1;0;4;0;L50152;1930;1944;1999;x
Gu Dinghua;5025154;CYN;1939;1990;1990;1990;3;3;0;0;0;4;0;L50153;1939;1985;1999;x
Guan Linzheng;5025155;CYN;1937;1940;1990;1990;2;4;0;1;0;4;0;L50154;1937;1980;1999;x
Gui Zezhun;5025156;CYN;1930;1930;1990;1990;2;3;0;0;0;5;0;L50155;1930;1941;1999;x
Gui Yongqing;5025157;CYN;1935;1943;1990;1990;2;4;256;1;0;4;0;L50156;1935;1954;1999;x
Kong Zongzhou;5025158;CYN;1944;1990;1990;1990;3;4;0;0;0;4;0;L50157;1944;1970;1999;x
Guo Chan;5025159;CYN;1926;1990;1990;1990;3;3;32;0;0;4;0;L50158;1926;1950;1999;x
Guo Jijiao;5025160;CYN;1932;1932;1990;1990;2;3;0;0;0;4;0;L50159;1932;1970;1999;x
Guo Jingyun;5025161;CYN;1939;1990;1990;1990;3;3;1;0;0;4;0;L50160;1939;1945;1999;x
Guo Xunqi;5025162;CYN;1925;1939;1990;1990;3;4;0;1;0;4;0;L50161;1925;1959;1999;x
Guo Rudong;5025163;CYN;1928;1928;1990;1990;2;3;0;0;0;4;0;L50162;1928;1952;1999;x
Guo Lüzhou;5025164;CYN;1939;1990;1990;1990;3;4;256;0;0;4;0;L50163;1939;1970;1999;x
Guo Zongfen;5025165;CYN;1937;1937;1990;1990;3;4;0;1;0;4;0;L50164;1937;1969;1999;x
Lai Chuanxiang;5025166;CYN;1937;1990;1990;1990;3;3;0;0;0;4;0;L50165;1937;1941;1999;x
Lee Beom Seok;5025167;CYN;1942;1990;1990;1990;3;4;16;0;0;4;0;L50166;1942;1945;1999;x
Lei Zhong;5025168;CYN;1936;1990;1990;1990;3;3;128;0;0;4;0;L50167;1936;1938;1999;x
Leng Xin;5025169;CYN;1940;1990;1990;1990;3;3;0;0;0;4;0;L50168;1940;1987;1999;x
Li Zhen;5025170;CYN;1930;1990;1990;1990;3;4;514;1;0;4;0;L50169;1930;1988;1999;x
Li Zhenqiu;5025171;CYN;1944;1946;1990;1990;2;4;0;1;0;4;0;L50170;1944;1970;1999;x
Li Jiayu;5025172;CYN;1924;1935;1990;1990;2;3;0;1;0;4;0;L50171;1924;1944;1999;x
Li Jue;5025173;CYN;1930;1930;1990;1990;2;3;0;0;0;4;0;L50172;1930;1987;1999;x
Li Chunnong;5025174;CYN;1930;1930;1930;1990;1;4;513;1;0;4;0;L50173;1930;1942;1999;x
Li Hanhun;5025175;CYN;1925;1939;1990;1990;2;4;0;1;0;4;0;L50175;1925;1987;1999;x
Li Xianzhou;5025176;CYN;1934;1938;1990;1990;3;3;0;0;0;4;0;L50176;1934;1988;1999;x
Li Yikuang;5025177;CYN;1942;2010;2010;2010;3;4;0;0;0;3;0;L50177;1942;2004;2004;x
Li Mi;5025178;CYN;1930;1940;1944;1990;1;5;64;0;0;4;0;L50178;1930;1973;1999;x
Li Minghao;5025179;CYN;1925;1990;1990;1990;3;3;0;0;0;4;0;L50179;1925;1948;1999;x
Li Mo'an;5025180;CYN;1932;1935;2010;2010;2;4;0;1;0;4;0;L50180;1932;2001;2002;x
Li Bifan;5025181;CYN;1926;1990;1990;1990;3;3;0;0;0;4;0;L50181;1926;1938;1999;x
Li Pinxian;5025182;CYN;1926;1990;1990;1990;3;3;0;0;0;4;0;L50182;1926;1987;1999;x
Li Tao;5025183;CYN;1939;1942;1990;1990;2;4;1;1;0;4;0;L50183;1939;1957;1999;x
Li Tianxia;5025184;CYN;1927;1944;1990;1990;2;3;0;0;0;4;0;L50184;1927;1967;1999;x
Li Zefen;5025185;CYN;1940;1990;1990;1990;3;3;1;0;0;4;0;L50185;1940;1970;1999;x
Li Zongren;5025186;CYN;1937;1937;1941;1944;1;6;18;3;0;4;0;L50186;1937;1969;1999;x
Li Wen;5025187;CYN;1938;1945;1990;1990;2;3;0;0;0;4;0;L50187;1938;1977;1999;x
Li Wentian;5025188;CYN;1941;1944;1990;1990;3;5;0;1;0;4;0;L50188;1941;1951;1999;x
Li Yannian;5025189;CYN;1924;1936;1990;1990;2;3;0;0;0;4;0;L50189;1924;1974;1999;x
Li Yutang;5025190;CYN;1931;1938;1990;1990;2;4;0;1;0;4;0;L50190;1931;1951;1999;x
Liang Jingzhai;5025191;CYN;1930;1990;1990;1990;3;3;0;0;0;4;0;L50191;1930;1970;1999;x
Liang Xixian;5025192;CYN;1927;1990;1990;1990;3;3;0;0;0;4;0;L50192;1927;1941;1999;x
Liao Lei;5025193;CYN;1927;1929;1990;1990;2;5;513;1;0;4;0;L50193;1927;1939;1999;x
Liao Lingqi;5025194;CYN;1930;1939;1990;1990;3;4;0;1;0;4;0;L50194;1930;1941;1999;x
Liao Yaoxiang;5025195;CYN;1940;1944;1990;1990;3;6;6;1;0;4;0;L50195;1940;1968;1999;x
Liao Yunzhou;5025196;CYN;1932;1990;1990;1990;3;3;0;0;0;2;0;L50196;1932;1948;1999;x
Liao Yunze;5025197;CYN;1928;1938;1942;1990;2;5;0;2;0;4;0;L50197;1928;1952;1999;x
Lin Wei;5025198;CYN;1926;1990;1990;1990;3;5;34;0;0;4;0;L50198;1926;1955;1999;x
Liu Anqi;5025199;CYN;1937;1944;1949;1961;0;6;4;1;0;4;0;L50199;1937;1995;1999;x
Liu Zhaoli;5025200;CYN;1937;1942;1990;1990;2;4;0;1;0;4;0;L50200;1937;1962;1999;x
Liu Zhendong;5025201;CYN;1935;1990;1990;1990;3;3;0;0;0;4;0;L50201;1935;1938;1999;x
Liu Jiaqi;5025202;CYN;1931;1990;1990;1990;3;3;0;0;0;4;0;L50202;1931;1938;1999;x
Liu Jiashu;5025203;CYN;1939;1943;1990;1990;2;3;0;0;0;4;0;L50203;1939;1972;1999;x
Liu Jianxu;5025204;CYN;1926;1928;1941;1990;1;4;0;1;0;4;0;L50204;1926;1978;1999;x
Liu Zhi;5025205;CYN;1922;1927;1936;1990;1;6;513;1;0;4;0;L50205;1922;1971;1999;x
Liu Heding;5025206;CYN;1930;1935;1990;1990;2;3;0;0;0;4;0;L50206;1930;1969;1999;x
Liu Xiang;5025207;CYN;1921;1926;1935;1990;1;5;514;1;0;3;0;L50207;1921;1938;1999;x
Liu Xing;5025208;CYN;1923;1929;1990;1990;2;3;0;0;0;4;0;L50208;1923;1963;1999;x
Liu Ruming;5025209;CYN;1935;1937;1990;1990;2;5;8;2;0;3;0;L50209;1935;1975;1999;x
Liu Kan;5025210;CYN;1933;1938;1944;1990;1;4;0;1;0;4;0;L50210;1933;1948;1999;x
Liu Guangji;5025211;CYN;1939;1990;1990;1990;3;4;0;0;0;4;0;L50211;1939;1973;1999;x
Liu Guiwu;5025212;CYN;1935;1990;1990;1990;3;3;0;0;0;4;0;L50212;1935;1938;1999;x
Liu Lianyi;5025213;CYN;1938;1990;1990;1990;3;3;0;0;0;4;0;L50213;1938;1946;1999;x
Liu Mao'en;5025214;CYN;1937;1940;1990;1990;2;4;0;1;0;4;0;L50214;1937;1981;1999;x
Liu Shiyi;5025215;CYN;1920;1926;1937;1990;1;3;0;0;0;4;0;L50215;1920;1982;1999;x
Liu Duoquan;5025216;CYN;1932;1936;1990;1990;2;3;0;0;0;4;0;L50216;1932;1985;1999;x
Liu Wei;5025217;CYN;1942;1945;1990;1990;2;4;256;1;0;4;0;L50217;1942;1969;1999;x
Liu Wenhui;5025218;CYN;1930;1938;1990;1990;2;4;2;1;0;2;0;L50218;1930;1976;1999;x
Luo Zhuoying;5025219;CYN;1928;1938;1990;1990;2;4;2;1;0;4;0;L50219;1928;1961;1999;x
Luo Guangwen;5025220;CYN;1938;1943;1990;1990;2;3;10;0;0;3;0;L50220;1938;1956;1999;x
Luo Lie;5025221;CYN;1945;1948;1950;1990;1;4;0;0;0;4;0;L50221;1945;1976;1999;x
Luo Lirong;5025222;CYN;1928;1999;1999;1999;3;3;0;0;0;4;0;L50222;1928;1991;1999;x
Luo Shuren;5025223;CYN;1930;1990;1990;1990;3;3;128;0;0;4;0;L50223;1930;1942;1999;x
Lobsang Tsewang;5025224;CYN;1944;1990;1990;1990;3;3;0;0;0;4;0;L50224;1944;1970;1999;x
Lü Zhanmeng;5025225;CYN;1937;1990;1990;1990;3;3;128;0;0;4;0;L50225;1937;1944;1999;x
Lu Junquan;5025226;CYN;1939;1945;1990;1990;2;3;0;0;0;4;0;L50226;1939;1979;1999;x
Lu Zhonglin;5025227;CYN;1930;1930;1938;1990;1;4;1;0;0;4;0;L50227;1930;1970;1999;x
Lu Han;5025228;CYN;1925;1927;1990;1990;2;3;2;0;0;3;0;L50228;1925;1974;1999;x
Lu Guangwei;5025229;CYN;1939;1941;1990;1990;2;4;0;1;0;4;0;L50229;1939;1944;1999;x
Lu Daoyuan;5025230;CYN;1937;1990;1990;1990;3;3;0;0;0;4;0;L50230;1937;1985;1999;x
Long Tianwu;5025231;CYN;1928;1990;1990;1990;3;3;0;0;0;4;0;L50231;1928;1983;1999;x
Long Yun;5025232;CYN;1925;1927;1928;1990;1;4;16;1;0;2;0;L50232;1925;1962;1999;x
Ma Zhanshan;5025233;CYN;1935;1944;1990;1990;2;5;24;1;0;4;0;L50233;1935;1948;1999;x
Ma Chongliu;5025234;CYN;1940;1943;1990;1990;2;5;32;1;0;4;0;L50234;1940;1998;1999;x
Ma Hongkui;5025235;CYN;1937;1939;1941;1990;1;5;1;2;0;2;0;L50235;1937;1970;1999;x
Ma Hongbin;5025236;CYN;1916;1920;1990;1990;2;3;0;0;0;2;0;L50236;1916;1960;1999;x
Ma Bufang;5025237;CYN;1928;1930;1990;1990;2;3;0;0;0;2;0;L50237;1928;1975;1999;x
Ma Shigong;5025238;CYN;1939;1990;1990;1990;3;3;0;0;0;4;0;L50238;1939;1970;1999;x
Ma Ying;5025239;CYN;1941;1943;1990;1990;3;4;0;1;0;4;0;L50239;1941;1970;1999;x
Ma Yuren;5025240;CYN;1932;1990;1990;1990;3;3;0;0;0;4;0;L50240;1932;1940;1999;x
Mao Bingwen;5025241;CYN;1927;1935;1990;1990;2;5;1;1;0;4;0;L50241;1927;1970;1999;x
Miao Peinan;5025242;CYN;1920;1920;1990;1990;2;3;0;0;0;4;0;L50242;1920;1970;1999;x
Mou Zhongheng;5025243;CYN;1932;1990;1990;1990;3;3;0;0;0;4;0;L50243;1932;1970;1999;x
Ou Zhen;5025244;CYN;1935;1936;1947;1990;1;4;0;1;0;3;0;L50244;1935;1969;1999;x
Ou Shounian;5025245;CYN;1931;1939;1990;1990;2;5;0;0;0;3;0;L50245;1931;1957;1999;x
Ba Yunying;5025246;CYN;1938;1990;1990;1990;3;3;0;0;0;4;0;L50246;1938;1970;1999;x
Pan Wenhua;5025247;CYN;1926;1933;1990;1990;2;4;16;1;0;3;0;L50248;1926;1950;1999;x
Pang Hanzhen;5025248;CYN;1926;1990;1990;1990;3;4;0;0;0;4;0;L50249;1926;1937;1999;x
Pang Bingxun;5025249;CYN;1935;1935;1935;1990;1;5;3;1;0;3;0;L50250;1926;1963;1999;x
Pei Changhui;5025250;CYN;1939;1990;1990;1990;3;3;0;0;0;4;0;L50251;1939;1970;1999;x
Peng Shiliang;5025251;CYN;1939;1942;1990;1990;3;4;0;1;0;4;0;L50252;1939;1943;1999;x
Shang Zhen;5025252;CYN;1937;1937;1937;1990;1;4;0;1;0;4;0;L50253;1937;1978;1999;x
Shangguan Yunxiang;5025253;CYN;1939;1941;1990;1990;2;4;0;1;0;4;0;L50254;1939;1969;1999;x
Shao Baichang;5025254;CYN;1940;1942;1990;1990;2;4;4;1;0;4;0;L50255;1940;1981;1999;x
Sheng Zhicai;5025255;CYN;1942;1942;1944;1990;1;5;2;2;0;5;0;L50256;1942;1970;1999;x
Sheng Wen;5025256;CYN;1937;1990;1990;1990;3;3;16;0;0;2;0;L50257;1937;1971;1999;x
Shi Jingting;5025257;CYN;1935;1935;1990;1990;2;4;1;0;0;3;0;L50258;1935;1969;1999;x
Shi Zude;5025258;CYN;1938;1942;1990;1990;2;4;1;1;0;4;0;L50259;1938;1972;1999;x
Shi Yousan;5025259;CYN;1935;1937;1990;1990;2;5;528;1;0;1;0;L50260;1935;1940;1999;x
Su Bingwen;5025260;CYN;1940;1942;1990;1990;2;5;8;1;0;2;0;L50261;1940;1975;1999;x
Su Zuxin;5025261;CYN;1939;1990;1990;1990;3;3;0;0;0;4;0;L50262;1939;1963;1999;x
Sun Zhen;5025262;CYN;1933;1936;1990;1990;2;4;0;1;0;2;0;L50263;1933;1985;1999;x
Sun Chu;5025263;CYN;1937;1937;1990;1990;2;3;0;0;0;4;0;L50264;1937;1962;1999;x
Sun Liren;5025264;CYN;1939;1944;1999;1999;2;6;128;1;0;4;0;L50265;1939;1990;1999;x
Sun Lianzhong;5025265;CYN;1932;1941;1943;1999;1;5;0;2;0;4;0;L50266;1932;1990;1999;x
Sun Mingjin;5025266;CYN;1938;1990;1990;1990;3;3;0;0;0;3;0;L50267;1938;1943;1999;x
Sun Du;5025267;CYN;1922;1927;1990;1990;2;3;0;0;0;4;0;L50268;1922;1967;1999;x
Sun Tongxuan;5025268;CYN;1931;1942;1990;1990;2;4;0;1;0;4;0;L50269;1931;1978;1999;x
Sun Weiru;5025269;CYN;1931;1936;1990;1990;2;4;0;1;0;4;0;L50270;1931;1979;1999;x
Sun Yuanliang;5025270;CYN;1937;1942;2010;2010;2;5;2;1;0;4;0;L50271;1937;2007;2008;x
Sung Zheyuan;5025271;CYN;1936;1936;1938;1990;1;6;0;2;0;4;0;L50272;1936;1940;1999;x
Sung Xilian;5025272;CYN;1938;1999;1999;1999;3;4;2;0;0;4;0;L50273;1938;1993;1999;x
Tai Anlan;5025273;CYN;1939;1990;1990;1990;3;3;4;0;0;4;0;L50274;1939;1970;1999;x
Tai Zhi;5025274;CYN;1937;1990;1990;1990;3;3;0;0;0;4;0;L50275;1937;1945;1999;x
Tai Li;5025275;CYN;1930;1940;1990;1990;2;5;256;1;0;4;0;L50276;1930;1970;1999;x
Tang Juwu;5025276;CYN;1931;1990;1990;1990;3;3;0;0;0;4;0;L50277;1931;1939;1999;x
Tang Enbo;5025277;CYN;1931;1941;1990;1990;2;4;2;1;0;4;0;L50278;1931;1954;1999;x
Tang Huaiyuan;5025278;CYN;1936;1939;1990;1990;2;4;0;1;0;4;0;L50279;1936;1941;1999;x
Tang Shengzhi;5025279;CYN;1926;1929;1932;1935;0;5;528;1;0;1;0;L50280;1926;1970;1999;x
Tang Shizun;5025280;CYN;1923;1935;1990;1990;2;3;0;0;0;3;0;L50281;1923;1950;1999;x
Tao Zhiyue;5025281;CYN;1942;1944;1955;1990;2;5;0;1;0;4;0;L50282;1942;1988;1999;x
Tao Guang;5025282;CYN;1937;1940;1990;1990;2;4;0;1;0;4;0;L50283;1937;1951;1999;x
Deng Xihou;5025283;CYN;1932;1932;1937;1990;1;4;0;1;0;3;0;L50284;1932;1964;1999;x
Deng Baoshan;5025284;CYN;1937;1937;1990;1990;2;4;0;1;0;4;0;L50285;1937;1968;1999;x
Deng Dingyuan;5025285;CYN;1926;1940;1990;1990;3;4;0;1;0;4;0;L50286;1926;1970;1999;x
Tian Zhennan;5025286;CYN;1927;1928;1990;1990;2;4;0;1;0;3;0;L50287;1927;1947;1999;x
Ding Zhipan;5025287;CYN;1937;1941;1990;1990;2;4;4;1;0;3;0;L50288;1937;1988;1999;x
Cai Mengjian;5025288;CYN;1941;1990;1990;1990;3;4;16;0;0;4;0;L50289;1941;1970;1999;x
Cai Tingkai;5025289;CYN;1937;1937;1990;1990;2;5;2;2;0;3;0;L50290;1937;1946;1999;x
Zeng Zesheng;5025290;CYN;1939;1944;1990;1990;2;4;2;0;0;4;0;L50291;1939;1973;1999;x
Qin Lin;5025291;CYN;1930;1990;1990;1990;3;3;0;0;0;4;0;L50292;1930;1937;1999;x
Qin Dechun;5025292;CYN;1932;1932;1942;1990;2;4;1;1;0;4;0;L50293;1932;1963;1999;x
Zou Shaomeng;5025293;CYN;1938;1990;1990;1990;3;3;0;0;0;3;0;L50294;1938;1970;1999;x
Zou Zuohua;5025294;CYN;1941;1943;1990;1990;2;5;4;1;0;3;0;L50295;1941;1970;1999;x
Cun Xingqi;5025296;CYN;1930;1990;1990;1990;3;3;0;0;0;4;0;L50297;1930;1941;1999;x
Du Yuming;5025297;CYN;1937;1944;1990;1990;2;6;4;0;0;4;0;L50298;1937;1981;1999;x
Duan Yun;5025298;CYN;1943;1945;1990;1990;3;6;4;1;0;4;0;L50299;1943;1970;1999;x
Dong Qiwu;5025299;CYN;1937;1990;1990;1990;3;3;0;0;0;4;0;L50300;1935;1989;1999;x
Tong Linge;5025300;CYN;1935;1936;1990;1990;2;5;4;1;0;4;0;L50301;1935;1937;1999;x
Dong Zongshan;5025301;CYN;1939;1990;1990;1990;3;4;1;0;0;4;0;L50302;1939;1970;1999;x
Wu Jingbin;5025302;CYN;1930;1990;1990;1990;3;3;2;1;0;4;0;L50303;1930;1941;1999;x
von Falkenhausen;5025303;CYN;1930;1930;1930;1990;1;7;70;3;0;4;0;L50304;1930;1970;1999;x
Wan Fulin;5025304;CYN;1935;1935;1935;1990;1;4;1;1;0;4;0;L50305;1935;1951;1999;x
Wan Yaohuang;5025305;CYN;1926;1935;1990;1990;2;4;0;1;0;4;0;L50307;1926;1977;1999;x
Wang Zhaozhi;5025306;CYN;1935;1990;1990;1990;3;3;0;0;0;4;0;L50308;1935;1989;1999;x
Wang Jiaben;5025307;CYN;1937;1943;1990;1990;2;4;0;1;0;4;0;L50309;1937;1944;1999;x
Wang Jianyue;5025308;CYN;1932;1990;1990;1990;3;3;0;0;0;4;0;L50310;1932;1944;1999;x
Wang Zhixi;5025309;CYN;1942;1990;1990;1990;3;4;0;0;0;4;0;L50311;1942;1970;1999;x
Wang Jingjiu;5025310;CYN;1931;1942;1990;1990;2;4;0;1;0;4;0;L50312;1931;1964;1999;x
Wang Jingzhi;5025311;CYN;1938;1990;1990;1990;3;3;0;0;0;4;0;L50313;1938;1944;1999;x
Wang Jingguo;5025312;CYN;1937;1937;1990;1990;2;3;2;0;0;3;0;L50314;1937;1952;1999;x
Wang Jingwei;5025313;U87;1930;1930;1930;1990;1;4;1;2;0;5;0;L50315;1936;1970;1999;x
Wang Jun;5025314;CYN;1937;1990;1990;1990;3;4;1;1;0;4;0;L50316;1937;1941;1999;x
Wang Chunhui;5025315;CYN;1943;1990;1990;1990;3;4;256;0;0;4;0;L50317;1943;1970;1999;x
Wang Fengshan;5025316;CYN;1935;1990;1990;1990;3;3;0;0;0;4;0;L50318;1935;1942;1999;x
Wang Yizhe;5025317;CYN;1932;1932;1990;1990;2;4;2;0;0;4;0;L50319;1932;1937;1999;x
Wang Lingji;5025318;CYN;1916;1922;1939;1990;2;4;0;2;0;3;0;L50320;1916;1967;1999;x
Wang Lingyun;5025319;CYN;1937;1942;1990;1990;3;3;0;0;0;3;0;L50321;1937;1968;1999;x
Wang Mingzhang;5025320;CYN;1916;1926;1990;1990;2;3;0;0;0;4;0;L50322;1916;1938;1999;x
Wang Zuanxu;5025321;CYN;1925;1935;1990;1990;2;3;0;0;0;3;0;L50323;1925;1960;1999;x
Wang Dongyuan;5025322;CYN;1927;1930;1999;1999;2;3;0;0;0;4;0;L50324;1927;1997;1999;x
Wang Wanling;5025323;CYN;1926;1990;1990;1990;3;3;0;0;0;4;0;L50325;1926;1946;1999;x
Wang Yaowu;5025324;CYN;1936;1939;1990;1990;2;6;6;1;0;4;0;L50326;1936;1968;1999;x
Wang Yi;5025325;CYN;1926;1990;1990;1990;3;3;1;0;0;4;0;L50327;1926;1948;1999;x
Wei Zhen;5025326;CYN;1943;1945;1990;1990;3;4;0;1;0;4;0;L50328;1943;1973;1999;x
Wei Lihuang;5025327;CYN;1927;1930;1937;1990;1;6;4;2;0;4;0;L50329;1927;1960;1999;x
Wen Qiang;5025328;CYN;1936;1942;2010;2010;2;4;256;0;0;4;0;L50330;1936;2001;2002;x
Wu Jiguang;5025329;CYN;1930;1990;1990;1990;3;3;0;0;0;4;0;L50331;1930;1938;1999;x
Wu Qiwei;5025330;CYN;1927;1932;1990;1990;2;4;0;1;0;4;0;L50332;1927;1953;1999;x
Wu Chuikun;5025331;CYN;1939;1942;1990;1990;3;5;0;1;0;4;0;L50333;1939;1970;1999;x
Wu Peifu;5025332;CYN;1932;1932;1932;1990;1;4;513;1;0;2;0;L50334;1932;1939;1999;x
Wu Shaozhou;5025333;CYN;1930;1990;1990;1990;3;3;0;0;0;4;0;L50335;1930;1966;1999;x
Wu Shimin;5025334;CYN;1935;1939;1990;1990;3;3;0;0;0;4;0;L50336;1935;1941;1999;x
Yang Aiyuan;5025335;CYN;1937;1937;1938;1990;1;6;516;1;0;3;0;L50337;1937;1959;1999;x
Yang Jie;5025336;CYN;1916;1990;1990;1990;3;3;0;0;0;4;0;L50338;1916;1937;1999;x
Yang Hu;5025337;CYN;1937;1945;1990;1990;2;4;0;0;0;4;0;L50339;1937;1966;1999;x
Yang Hucheng;5025338;CYN;1938;1939;1940;1990;1;5;0;1;0;1;0;L50340;1938;1949;1999;x
Yang Botao;5025339;CYN;1932;1990;1990;1990;3;3;4;0;0;4;0;L50341;1932;1948;1999;x
Yang Bufei;5025340;CYN;1932;1938;1990;1990;2;4;128;1;0;4;0;L50342;1932;1962;1999;x
Yang Sen;5025341;CYN;1926;1933;1938;1990;1;5;0;2;0;3;0;L50343;1926;1977;1999;x
Yang Wei;5025342;CYN;1938;1990;1990;1990;3;4;256;0;0;4;0;L50344;1938;1970;1999;x
Yao Zhongying;5025343;CYN;1925;1990;1990;1990;3;3;0;0;0;4;0;L50345;1925;1938;1999;x
Ye Cheng;5025344;CYN;1930;1990;1990;1990;3;3;0;0;0;4;0;L50346;1930;1949;1999;x
Ye Peigao;5025345;CYN;1937;1990;1990;1990;3;3;0;0;0;4;0;L50347;1937;1987;1999;x
Yan Xishan;5025346;CYN;1937;1937;1938;1940;0;5;2;3;0;2;0;L50348;1937;1960;1999;x
Yi Anhua;5025347;CYN;1932;1990;1990;1990;3;3;0;0;0;4;0;L50349;1932;1938;1999;x
Yol Bars;5025348;CYN;1930;1990;1990;1990;3;6;16;0;0;4;0;L50350;1930;1940;1999;x
Yu Chengwan;5025349;CYN;1938;1947;1990;1990;2;3;0;0;0;4;0;L50351;1938;1955;1999;x
Yu Jishi;5025350;CYN;1937;1939;1990;1990;2;6;4;1;0;4;0;L50352;1937;1946;1999;x
Yuzhi Fenggang;5025351;CYN;1939;1941;1946;1990;2;6;16;3;0;4;0;L50353;1939;1970;1999;x
Chen Ce;5025352;CYN;1930;1930;1990;1990;2;3;2048;0;0;4;1;L50354;1930;1970;1999;x
Chen Jiliang;5025353;CYN;1938;1940;1990;1990;2;4;0;1;0;3;1;L50355;1938;1970;1999;x
Chen Shaokuan;5025354;CYN;1930;1930;1930;1930;0;3;0;1;0;3;1;L50356;1930;1970;1999;x
Ji Zhangjian;5025355;CYN;1939;1999;1999;1999;3;3;0;0;0;4;1;L50357;1939;1992;1999;x
Xu Zushan;5025356;CYN;1930;1990;1990;1990;3;3;0;0;0;4;1;L50358;1930;1941;1999;x
Gao Xianshen;5025357;CYN;1940;1990;1990;1990;3;3;0;0;0;4;1;L50359;1940;1970;1999;x
Gui Yongqing;5025358;CYN;1941;1943;1990;1990;2;4;0;1;0;4;1;L50360;1941;1954;1999;x
Liu Yonggao;5025359;CYN;1930;1938;1990;1990;2;6;1536;1;0;4;1;L50361;1930;1970;1999;x
Ouyang Ge;5025360;CYN;1940;1943;1990;1990;2;4;0;1;0;4;1;L50362;1940;1970;1999;x
Sa Shijun;5025361;CYN;1930;1990;1990;1990;3;3;0;0;0;4;1;L50363;1930;1941;1999;x
Shen Honglie;5025362;CYN;1940;1941;1943;1990;3;5;0;2;0;4;1;L50364;1940;1960;1999;x
Zeng Yiding;5025363;CYN;1943;1990;1990;1990;3;3;0;0;0;3;1;L50365;1943;1970;1999;x
Wang Shouting;5025364;CYN;1930;1990;1990;1990;3;4;4608;1;0;4;1;L50366;1930;1970;1999;x
Zhang Tingmeng;5025365;CYN;1942;1990;1990;1990;3;3;0;0;0;4;2;L50367;1942;1970;1999;x
Chen Qixia;5025366;CYN;1941;1990;1990;1990;3;3;65536;0;0;4;2;L50368;1941;1946;1999;x
Chen Qingyun;5025367;CYN;1924;1990;1990;1990;3;3;0;0;0;4;2;L50369;1924;1981;1999;x
Chennault;5025368;CYN;1930;1930;1990;1990;2;5;8192;2;0;4;2;L50370;1930;1958;1999;x
Chen Ruitian;5025369;CYN;1930;1990;1990;1990;3;3;0;0;0;4;2;L50371;1930;1943;1999;x
Zhou Zhirou;5025370;CYN;1933;1940;1990;1990;2;4;0;1;0;4;2;L50372;1933;1986;1999;x
Xu Huansheng;5025371;CYN;1938;1940;1990;1990;2;3;32768;1;0;4;2;L50373;1938;1970;1999;x
Huang Guangrui;5025372;CYN;1923;1990;1990;1990;3;3;0;0;0;4;2;L50374;1923;1986;1999;x
Huang Bingheng;5025373;CYN;1937;1944;1990;1990;3;4;0;1;0;4;2;L50375;1937;1989;1999;x
Gao Zhihang;5025374;CYN;1936;1990;1990;1990;3;5;4096;0;0;5;2;L50376;1936;1938;1999;x
Khryukin;5025375;CYN;1930;1930;1990;1990;2;5;16384;0;0;3;2;L50377;1930;1970;1999;x
Li Guidan;5025376;CYN;1930;1990;1990;1990;3;3;0;0;0;4;2;L50378;1930;1942;1999;x
Liang Tiancheng;5025377;CYN;1930;1939;1990;1990;2;4;4096;1;0;4;2;L50379;1930;1970;1999;x
Liu Guoyun;5025378;CYN;1936;1990;1990;1990;3;3;0;0;0;4;2;L50380;1936;1938;1999;x
Liu Muqun;5025379;CYN;1942;1990;1990;1990;3;4;0;0;0;4;2;L50381;1942;1970;1999;x
Liu Zhesheng;5025380;CYN;1944;1990;1990;1990;3;4;4096;0;0;4;2;L50382;1944;1970;1999;x
Liu Cuigang;5025381;CYN;1930;1990;1990;1990;3;4;4096;0;0;4;2;L50383;1930;1941;1999;x
Mao Bangchu;5025382;CYN;1936;1941;1990;1990;2;3;0;0;0;4;2;L50384;1938;1987;1999;x
Qian Dajun;5025383;CYN;1932;1938;1941;1990;1;4;0;2;0;4;2;L50385;1932;1982;1999;x
Wang Guangfu;5025384;CYN;1941;1990;1990;1990;3;4;0;0;0;4;2;L50386;1941;1970;1999;x
Wang Tianxiang;5025385;CYN;1930;1990;1990;1990;3;3;8192;0;0;4;2;L50387;1930;1941;1999;x
Yue Yiqin;5025386;CYN;1939;1941;1990;1990;3;5;131072;1;0;4;2;L50388;1939;1970;1999;x
Li Shijia;5025387;CYN;1930;1939;1990;1990;2;3;4096;1;0;5;1;L50389;1930;1979;1999;x
Pai Chung-hsi;5025388;CYN;1917;1923;1927;1990;1;8;20;4;0;3;0;L50247;1917;1930;1999;x
Li Tsung-jen;5025389;CYN;1923;1927;1990;1990;1;6;18;3;0;4;0;L50186;1923;1930;1999;x
Li Fulin;5025390;CYN;1926;1932;1990;1990;2;4;0;2;0;4;0;7757;1926;1952;1999;x
Wan Shijiong;5025391;CYN;1938;1950;1999;1999;3;3;0;0;0;4;0;7758;1938;1991;1999;x
Yang Yanchang;5025392;CYN;1917;1925;1990;1990;3;4;513;1;0;5;0;7759;1917;1950;1999;x
Wu Tiecheng;5025393;CYN;1926;1933;1990;1990;3;2;0;0;0;4;0;7760;1926;1953;1999;x
Yu Xuezhong;5025394;CYN;1937;1937;1938;1990;1;4;0;2;0;4;0;7761;1937;1964;1999;x
Li Suchun;5025395;CYN;1936;1936;1990;1990;3;2;0;0;0;4;0;7762;1936;1942;1999;x
Wang Lingyun;5025396;CYN;1930;1942;1990;1990;2;4;0;1;0;4;0;7763;1930;1968;1999;x
Yu Zhenhe;5025397;CYN;1930;1939;1990;1990;2;3;0;1;0;4;0;7764;1930;1985;1999;x
Belovsky;615001;CYN;1930;1990;1990;1990;3;2;0;0;0;5;0;L501000;1930;1960;1999;x
Golpurchin;615002;CYN;1930;1930;1930;1990;1;2;0;1;0;5;0;L501001;1930;1960;1999;x
Krustin;615003;CYN;1930;1990;1990;1990;3;2;128;0;0;5;0;L501002;1930;1960;1999;x
Kurukikov;615004;CYN;1930;1990;1990;1990;3;2;8;0;0;5;0;L501003;1930;1960;1999;x
Liu Wen-hui;615005;CYN;1930;1938;1990;1990;2;3;2;1;0;2;0;L50218;1930;1960;1999;x
Lu Han;615006;CYN;1930;1930;1990;1990;2;2;2;0;0;3;0;L50228;1930;1943;1999;x
Long Yun;615007;CYN;1930;1930;1930;1990;1;3;16;1;0;2;0;L50232;1930;1960;1999;x
Mozh-Rüttel;615008;CYN;1930;1990;1990;1990;3;2;4;0;0;5;0;L501007;1930;1960;1999;x
Putelkin;615009;CYN;1930;1930;1990;1990;2;2;256;0;0;5;0;L501008;1930;1960;1999;x
Shaposchirtin;615010;CYN;1930;1930;1990;1990;2;2;1;0;0;5;0;L501009;1930;1960;1999;x
von Hesselkammer;615011;CYN;1930;1930;1990;1990;2;3;2;0;0;5;0;L501010;1930;1960;1999;x
Kurukikov;615012;CYN;1930;1990;1990;1990;3;1;0;0;0;5;1;L501003;1930;1960;1999;x
Long Yun;615013;CYN;1930;1930;1930;1990;1;1;0;0;0;2;1;L50232;1930;1960;1999;x
Putelkin;615014;CYN;1930;1930;1990;1990;2;2;0;0;0;5;1;L501008;1930;1960;1999;x
Bozenkov;615015;CYN;1930;1990;1990;1990;2;2;4096;0;0;5;2;L501014;1930;1960;1999;x
Krelnikov;615016;CYN;1930;1990;1990;1990;3;2;0;0;0;5;2;L501015;1930;1960;1999;x
Lu Han;615017;CYN;1930;1930;1990;1990;2;1;0;0;0;3;2;L50228;1930;1943;1999;x
Zhaprosenkov;615018;CYN;1930;1990;1990;1990;3;2;0;0;0;5;2;L501017;1930;1960;1999;x
Chen Shufan;615021;CYN;1910;1935;1935;1935;3;7;2;3;0;1;0;unknownleader;1908;1935;1999;x
Chen Jiongming;615022;CYN;1910;1935;1935;1935;3;7;2;3;0;1;0;2130;1908;1935;1999;x
Cai E;615023;CYN;1910;1911;1914;1935;3;7;2;3;0;1;0;2131;1908;1935;1999;x
Tang Jiyao;615024;CYN;1910;1914;1917;1935;3;5;0;3;0;1;0;2132;1908;1935;1999;x
Yin Cheng;615025;CYN;1910;1935;1935;1935;3;5;4;1;0;5;0;2133;1908;1935;1999;x
Li Liejun;615026;CYN;1910;1914;1935;1935;3;5;4;2;0;5;0;2134;1908;1917;1999;x
Lu Rongting;615027;CYN;1910;1917;1935;1935;3;5;0;2;0;1;0;2135;1908;1935;1999;x
Chen Huan;615028;CYN;1910;1935;1935;1935;3;5;4;1;0;5;0;2136;1908;1935;1999;x
Liu Hsien-Shih;615029;CYN;1910;1935;1935;1935;3;5;4;1;0;5;0;unknownleader;1908;1935;1999;x
Xiong Kewu;615030;CYN;1910;1935;1935;1935;3;5;4;1;0;5;0;unknownleader;1908;1935;1999;x
Hu Jingyi;615031;CYN;1910;1935;1935;1935;3;5;4;1;0;5;0;unknownleader;1908;1935;1999;x
Zhang Jingyao;615032;CYN;1910;1935;1935;1935;3;5;4;1;0;5;0;2137;1908;1917;1999;x
Zhang Peijue;615033;CYN;1910;1935;1935;1935;3;5;4;1;0;5;0;unknownleader;1908;1935;1999;x
Pu Dianjun;615034;CYN;1910;1935;1935;1935;3;5;4;1;0;5;0;unknownleader;1908;1935;1999;x
An Enpu;615035;CYN;1931;1990;1990;1990;3;3;0;0;0;4;0;unknownleader;1931;1965;1999;x
Bai Tianmin;615036;CYN;1936;1990;1990;1990;3;2;0;0;0;4;0;unknownleader;1936;1970;1999;x
Cheng Gang;615037;CYN;1937;1942;1990;1990;2;3;0;1;0;4;0;6310;1937;1964;1999;x
Chen Jikai;615038;CYN;1943;2010;2010;2010;3;2;0;0;0;4;0;unknownleader;1943;2004;2005;x
Chen Liangji;615039;CYN;1938;1942;1990;1990;2;3;0;1;0;4;0;unknownleader;1938;1952;1999;x
Chen Yongsi;615040;CYN;1944;1990;1990;1990;3;3;0;0;0;4;0;unknownleader;1944;1981;1999;x
Chen Zhuo;615041;CYN;1945;1990;1990;1990;3;3;0;0;0;4;0;unknownleader;1945;1985;1999;x
Feng Chunshen;615042;CYN;1938;1990;1990;1990;3;3;0;0;0;4;0;unknownleader;1938;1991;1999;x
Gan Fang;615043;CYN;1928;1931;1990;1990;2;4;0;1;0;4;0;unknownleader;1928;1951;1999;x
Hui Ji;615044;CYN;1933;1990;1990;1990;3;3;0;0;0;4;2;unknownleader;1933;1974;1999;x
Jiang Bin;615045;CYN;1930;1990;1990;1990;3;2;0;0;0;4;0;unknownleader;1930;1937;1999;x
Jin Handing;615046;CYN;1926;1927;1990;1990;2;3;0;1;0;4;0;6311;1926;1967;1999;x
Ji Yiqiao;615047;CYN;1925;1926;1990;1990;2;2;0;0;0;4;0;unknownleader;1925;1976;1999;x
Li Shihan;615048;CYN;1918;1990;1990;1990;3;3;0;1;0;4;0;unknownleader;1918;1958;1999;x
Liu Yaoyang;615049;CYN;1930;1937;1990;1990;2;3;0;1;0;4;0;6312;1930;1962;1999;x
Ma Cong;615050;CYN;1917;1936;1990;1990;2;2;0;0;0;4;0;unknownleader;1917;1961;1999;x
Ma Jiwu;615051;CYN;1944;1990;1990;1990;3;2;0;1;0;4;0;unknownleader;1944;1962;1999;x
Ma Yin;615052;CYN;1938;1990;1990;1990;3;3;0;0;0;4;0;unknownleader;1938;1980;1999;x
Ma Zhen;615053;CYN;1930;1990;1990;1990;3;2;0;0;0;4;0;unknownleader;1930;1963;1999;x
Qiu Bingchang;615054;CYN;1939;1945;1990;1990;2;3;0;1;0;4;0;unknownleader;1939;1978;1999;x
Tang Jilin;615055;CYN;1937;1990;1990;1990;3;2;0;0;0;4;0;unknownleader;1937;1958;1999;x
Tian Zhongyi;615056;CYN;1926;1943;1990;1990;2;4;0;1;0;4;0;unknownleader;1926;1972;1999;x
Wan Baobang;615057;CYN;1938;1942;1990;1990;2;3;2;1;0;4;0;unknownleader;1938;1972;1999;x
Wang Jingxuan;615058;CYN;1925;1933;1990;1990;2;2;0;0;0;4;0;unknownleader;1925;1956;1999;x
Wang Zhaokun;615059;CYN;1937;1990;1990;1990;3;2;0;0;0;4;0;unknownleader;1937;1950;1999;x
Wang Zhaoxiang;615060;CYN;1930;1990;1990;1990;3;1;0;0;0;4;0;unknownleader;1930;1952;1999;x
Xi Ziqiang;615061;CYN;1917;1990;1990;1990;3;2;0;0;0;4;0;unknownleader;1917;1927;1999;x
Yang Chieh;615062;CYN;1917;1917;1929;1990;1;3;0;1;0;4;0;6313;1917;1949;1999;x
Yang Hongguang;615063;CYN;1938;1941;1990;1990;2;3;0;1;0;4;0;unknownleader;1938;1950;1999;x
Yin Longju;615064;CYN;1930;1990;1990;1990;3;2;0;0;0;4;0;unknownleader;1930;1977;1999;x
Yuan Changrong;615065;CYN;1929;1936;1990;1990;2;2;0;1;0;4;0;unknownleader;1929;1970;1999;x
Yuan Jixi;615066;CYN;1927;1936;1990;1990;2;2;0;1;0;4;0;unknownleader;1927;1970;1999;x
Yu Jianxun;615067;CYN;1930;1990;1990;1990;3;2;0;0;0;4;0;unknownleader;1930;1986;1999;x
Zhang Chong;615068;CYN;1927;1938;1990;1990;2;3;0;1;0;4;0;6314;1927;1980;1999;x
Zhang Gongda;615069;CYN;1939;1999;1999;1999;3;2;16;1;0;4;0;unknownleader;1939;1996;1999;x
Zhang Yougu;615070;CYN;1931;1990;1990;1990;3;3;0;1;0;4;2;unknownleader;1931;1970;1999;x
Zhang Yuren;615071;CYN;1926;1941;1990;1990;3;4;0;1;0;4;0;unknownleader;1926;1961;1999;x
Zhang Jiliang;615072;CYN;1921;1990;1990;1990;3;4;0;1;0;4;0;unknownleader;1921;1952;1999;x
Hu Ruoyu;615073;CYN;1917;1927;1990;1990;2;3;0;0;0;4;0;unknownleader;1917;1949;1999;x
